"rok","rocni_prumerna_mzda","jednotka","obor"
2000,12822.7500,Kč,
2001,13903.2500,Kč,
2002,14996.2500,Kč,
2003,15901.7500,Kč,
2004,16921.5000,Kč,
2005,17752.5000,Kč,
2006,18901.7500,Kč,
2007,20270.2500,Kč,
2008,21887.5000,Kč,
2009,22617.0000,Kč,
2010,23098.5000,Kč,
2011,23623.2500,Kč,
2012,24248.2500,Kč,
2013,24216.5000,Kč,
2014,24898.2500,Kč,
2015,25687.5000,Kč,
2016,26828.5000,Kč,
2017,28691.0000,Kč,
2018,30998.0000,Kč,
2019,33222.5000,Kč,
2020,34119.5000,Kč,
2000,10167.0000,Kč,"Zemědělství, lesnictví, rybářství"
2001,11120.5000,Kč,"Zemědělství, lesnictví, rybářství"
2002,11427.2500,Kč,"Zemědělství, lesnictví, rybářství"
2003,11779.7500,Kč,"Zemědělství, lesnictví, rybářství"
2004,12846.0000,Kč,"Zemědělství, lesnictví, rybářství"
2005,13541.0000,Kč,"Zemědělství, lesnictví, rybářství"
2006,14421.0000,Kč,"Zemědělství, lesnictví, rybářství"
2007,15761.2500,Kč,"Zemědělství, lesnictví, rybářství"
2008,17292.5000,Kč,"Zemědělství, lesnictví, rybářství"
2009,17193.0000,Kč,"Zemědělství, lesnictví, rybářství"
2010,18019.5000,Kč,"Zemědělství, lesnictví, rybářství"
2011,18674.0000,Kč,"Zemědělství, lesnictví, rybářství"
2012,19537.0000,Kč,"Zemědělství, lesnictví, rybářství"
2013,20207.0000,Kč,"Zemědělství, lesnictví, rybářství"
2014,20952.0000,Kč,"Zemědělství, lesnictví, rybářství"
2015,21232.2500,Kč,"Zemědělství, lesnictví, rybářství"
2016,22240.0000,Kč,"Zemědělství, lesnictví, rybářství"
2017,23531.2500,Kč,"Zemědělství, lesnictví, rybářství"
2018,25115.2500,Kč,"Zemědělství, lesnictví, rybářství"
2019,27203.7500,Kč,"Zemědělství, lesnictví, rybářství"
2020,28215.0000,Kč,"Zemědělství, lesnictví, rybářství"
2000,16534.5000,Kč,Těžba a dobývání
2001,17705.5000,Kč,Těžba a dobývání
2002,18731.5000,Kč,Těžba a dobývání
2003,19660.5000,Kč,Těžba a dobývání
2004,21105.2500,Kč,Těžba a dobývání
2005,22636.5000,Kč,Těžba a dobývání
2006,24017.5000,Kč,Těžba a dobývání
2007,25675.7500,Kč,Těžba a dobývání
2008,29236.0000,Kč,Těžba a dobývání
2009,27960.5000,Kč,Těžba a dobývání
2010,30203.5000,Kč,Těžba a dobývání
2011,31445.7500,Kč,Těžba a dobývání
2012,32487.0000,Kč,Těžba a dobývání
2013,31685.7500,Kč,Těžba a dobývání
2014,31370.2500,Kč,Těžba a dobývání
2015,31539.5000,Kč,Těžba a dobývání
2016,31348.0000,Kč,Těžba a dobývání
2017,33462.2500,Kč,Těžba a dobývání
2018,35942.7500,Kč,Těžba a dobývání
2019,37005.7500,Kč,Těžba a dobývání
2020,37203.2500,Kč,Těžba a dobývání
2000,12675.2500,Kč,Zpracovatelský průmysl
2001,13574.5000,Kč,Zpracovatelský průmysl
2002,14448.5000,Kč,Zpracovatelský průmysl
2003,15210.5000,Kč,Zpracovatelský průmysl
2004,16375.7500,Kč,Zpracovatelský průmysl
2005,17151.2500,Kč,Zpracovatelský průmysl
2006,18276.7500,Kč,Zpracovatelský průmysl
2007,19633.2500,Kč,Zpracovatelský průmysl
2008,21128.5000,Kč,Zpracovatelský průmysl
2009,21825.2500,Kč,Zpracovatelský průmysl
2010,22680.5000,Kč,Zpracovatelský průmysl
2011,23500.5000,Kč,Zpracovatelský průmysl
2012,24221.7500,Kč,Zpracovatelský průmysl
2013,24562.2500,Kč,Zpracovatelský průmysl
2014,25308.2500,Kč,Zpracovatelský průmysl
2015,26131.7500,Kč,Zpracovatelský průmysl
2016,27237.5000,Kč,Zpracovatelský průmysl
2017,29321.0000,Kč,Zpracovatelský průmysl
2018,31646.2500,Kč,Zpracovatelský průmysl
2019,33559.7500,Kč,Zpracovatelský průmysl
2020,33521.0000,Kč,Zpracovatelský průmysl
2000,18140.7500,Kč,"Výroba a rozvod elektřiny, plynu, tepla a klimatiz. vzduchu"
2001,19647.0000,Kč,"Výroba a rozvod elektřiny, plynu, tepla a klimatiz. vzduchu"
2002,21369.2500,Kč,"Výroba a rozvod elektřiny, plynu, tepla a klimatiz. vzduchu"
2003,22834.2500,Kč,"Výroba a rozvod elektřiny, plynu, tepla a klimatiz. vzduchu"
2004,24364.7500,Kč,"Výroba a rozvod elektřiny, plynu, tepla a klimatiz. vzduchu"
2005,26251.0000,Kč,"Výroba a rozvod elektřiny, plynu, tepla a klimatiz. vzduchu"
2006,28477.0000,Kč,"Výroba a rozvod elektřiny, plynu, tepla a klimatiz. vzduchu"
2007,30679.2500,Kč,"Výroba a rozvod elektřiny, plynu, tepla a klimatiz. vzduchu"
2008,34779.7500,Kč,"Výroba a rozvod elektřiny, plynu, tepla a klimatiz. vzduchu"
2009,38206.7500,Kč,"Výroba a rozvod elektřiny, plynu, tepla a klimatiz. vzduchu"
2010,38840.0000,Kč,"Výroba a rozvod elektřiny, plynu, tepla a klimatiz. vzduchu"
2011,39844.7500,Kč,"Výroba a rozvod elektřiny, plynu, tepla a klimatiz. vzduchu"
2012,42107.2500,Kč,"Výroba a rozvod elektřiny, plynu, tepla a klimatiz. vzduchu"
2013,40299.7500,Kč,"Výroba a rozvod elektřiny, plynu, tepla a klimatiz. vzduchu"
2014,40951.2500,Kč,"Výroba a rozvod elektřiny, plynu, tepla a klimatiz. vzduchu"
2015,40514.5000,Kč,"Výroba a rozvod elektřiny, plynu, tepla a klimatiz. vzduchu"
2016,40955.5000,Kč,"Výroba a rozvod elektřiny, plynu, tepla a klimatiz. vzduchu"
2017,43218.7500,Kč,"Výroba a rozvod elektřiny, plynu, tepla a klimatiz. vzduchu"
2018,45982.5000,Kč,"Výroba a rozvod elektřiny, plynu, tepla a klimatiz. vzduchu"
2019,48930.7500,Kč,"Výroba a rozvod elektřiny, plynu, tepla a klimatiz. vzduchu"
2020,51760.0000,Kč,"Výroba a rozvod elektřiny, plynu, tepla a klimatiz. vzduchu"
2000,12849.7500,Kč,Zásobování vodou; činnosti související s odpady a sanacemi
2001,13674.2500,Kč,Zásobování vodou; činnosti související s odpady a sanacemi
2002,14700.2500,Kč,Zásobování vodou; činnosti související s odpady a sanacemi
2003,15370.0000,Kč,Zásobování vodou; činnosti související s odpady a sanacemi
2004,16330.5000,Kč,Zásobování vodou; činnosti související s odpady a sanacemi
2005,17230.5000,Kč,Zásobování vodou; činnosti související s odpady a sanacemi
2006,18240.7500,Kč,Zásobování vodou; činnosti související s odpady a sanacemi
2007,19292.0000,Kč,Zásobování vodou; činnosti související s odpady a sanacemi
2008,20985.2500,Kč,Zásobování vodou; činnosti související s odpady a sanacemi
2009,21637.5000,Kč,Zásobování vodou; činnosti související s odpady a sanacemi
2010,22594.0000,Kč,Zásobování vodou; činnosti související s odpady a sanacemi
2011,22752.5000,Kč,Zásobování vodou; činnosti související s odpady a sanacemi
2012,23261.7500,Kč,Zásobování vodou; činnosti související s odpady a sanacemi
2013,23184.2500,Kč,Zásobování vodou; činnosti související s odpady a sanacemi
2014,23845.7500,Kč,Zásobování vodou; činnosti související s odpady a sanacemi
2015,24367.0000,Kč,Zásobování vodou; činnosti související s odpady a sanacemi
2016,25007.7500,Kč,Zásobování vodou; činnosti související s odpady a sanacemi
2017,26575.7500,Kč,Zásobování vodou; činnosti související s odpady a sanacemi
2018,28272.0000,Kč,Zásobování vodou; činnosti související s odpady a sanacemi
2019,30227.2500,Kč,Zásobování vodou; činnosti související s odpady a sanacemi
2020,30867.7500,Kč,Zásobování vodou; činnosti související s odpady a sanacemi
2000,12484.5000,Kč,Stavebnictví
2001,13358.5000,Kč,Stavebnictví
2002,14032.7500,Kč,Stavebnictví
2003,15023.2500,Kč,Stavebnictví
2004,16072.5000,Kč,Stavebnictví
2005,16601.5000,Kč,Stavebnictví
2006,17643.7500,Kč,Stavebnictví
2007,18831.2500,Kč,Stavebnictví
2008,20692.5000,Kč,Stavebnictví
2009,21813.0000,Kč,Stavebnictví
2010,21961.7500,Kč,Stavebnictví
2011,22494.2500,Kč,Stavebnictví
2012,22571.7500,Kč,Stavebnictví
2013,22073.7500,Kč,Stavebnictví
2014,22605.0000,Kč,Stavebnictví
2015,23586.2500,Kč,Stavebnictví
2016,24551.2500,Kč,Stavebnictví
2017,25703.0000,Kč,Stavebnictví
2018,27821.7500,Kč,Stavebnictví
2019,29695.0000,Kč,Stavebnictví
2020,30169.5000,Kč,Stavebnictví
2000,12116.5000,Kč,Velkoobchod a maloobchod; opravy a údržba motorových vozidel
2001,13095.2500,Kč,Velkoobchod a maloobchod; opravy a údržba motorových vozidel
2002,14098.0000,Kč,Velkoobchod a maloobchod; opravy a údržba motorových vozidel
2003,14787.2500,Kč,Velkoobchod a maloobchod; opravy a údržba motorových vozidel
2004,15712.2500,Kč,Velkoobchod a maloobchod; opravy a údržba motorových vozidel
2005,16421.2500,Kč,Velkoobchod a maloobchod; opravy a údržba motorových vozidel
2006,17507.2500,Kč,Velkoobchod a maloobchod; opravy a údržba motorových vozidel
2007,19037.5000,Kč,Velkoobchod a maloobchod; opravy a údržba motorových vozidel
2008,20597.2500,Kč,Velkoobchod a maloobchod; opravy a údržba motorových vozidel
2009,20577.0000,Kč,Velkoobchod a maloobchod; opravy a údržba motorových vozidel
2010,21210.5000,Kč,Velkoobchod a maloobchod; opravy a údržba motorových vozidel
2011,21863.5000,Kč,Velkoobchod a maloobchod; opravy a údržba motorových vozidel
2012,22441.0000,Kč,Velkoobchod a maloobchod; opravy a údržba motorových vozidel
2013,22203.7500,Kč,Velkoobchod a maloobchod; opravy a údržba motorových vozidel
2014,22906.7500,Kč,Velkoobchod a maloobchod; opravy a údržba motorových vozidel
2015,23912.7500,Kč,Velkoobchod a maloobchod; opravy a údržba motorových vozidel
2016,25070.2500,Kč,Velkoobchod a maloobchod; opravy a údržba motorových vozidel
2017,26957.5000,Kč,Velkoobchod a maloobchod; opravy a údržba motorových vozidel
2018,28833.7500,Kč,Velkoobchod a maloobchod; opravy a údržba motorových vozidel
2019,30909.5000,Kč,Velkoobchod a maloobchod; opravy a údržba motorových vozidel
2020,30927.5000,Kč,Velkoobchod a maloobchod; opravy a údržba motorových vozidel
2000,13190.0000,Kč,Doprava a skladování
2001,14112.7500,Kč,Doprava a skladování
2002,15173.2500,Kč,Doprava a skladování
2003,15987.7500,Kč,Doprava a skladování
2004,17098.7500,Kč,Doprava a skladování
2005,17941.2500,Kč,Doprava a skladování
2006,18993.7500,Kč,Doprava a skladování
2007,20394.0000,Kč,Doprava a skladování
2008,22008.0000,Kč,Doprava a skladování
2009,22688.7500,Kč,Doprava a skladování
2010,22740.2500,Kč,Doprava a skladování
2011,22756.2500,Kč,Doprava a skladování
2012,22998.5000,Kč,Doprava a skladování
2013,23127.0000,Kč,Doprava a skladování
2014,23600.0000,Kč,Doprava a skladování
2015,24369.5000,Kč,Doprava a skladování
2016,25505.7500,Kč,Doprava a skladování
2017,27152.2500,Kč,Doprava a skladování
2018,29135.7500,Kč,Doprava a skladování
2019,31160.5000,Kč,Doprava a skladování
2020,31354.0000,Kč,Doprava a skladování
2000,7283.5000,Kč,"Ubytování, stravování a pohostinství"
2001,8004.7500,Kč,"Ubytování, stravování a pohostinství"
2002,8995.2500,Kč,"Ubytování, stravování a pohostinství"
2003,9468.2500,Kč,"Ubytování, stravování a pohostinství"
2004,9819.0000,Kč,"Ubytování, stravování a pohostinství"
2005,10257.5000,Kč,"Ubytování, stravování a pohostinství"
2006,11105.7500,Kč,"Ubytování, stravování a pohostinství"
2007,11738.5000,Kč,"Ubytování, stravování a pohostinství"
2008,11937.5000,Kč,"Ubytování, stravování a pohostinství"
2009,11782.7500,Kč,"Ubytování, stravování a pohostinství"
2010,12644.5000,Kč,"Ubytování, stravování a pohostinství"
2011,12431.2500,Kč,"Ubytování, stravování a pohostinství"
2012,12705.7500,Kč,"Ubytování, stravování a pohostinství"
2013,13115.0000,Kč,"Ubytování, stravování a pohostinství"
2014,13429.0000,Kč,"Ubytování, stravování a pohostinství"
2015,14198.0000,Kč,"Ubytování, stravování a pohostinství"
2016,15042.2500,Kč,"Ubytování, stravování a pohostinství"
2017,16889.0000,Kč,"Ubytování, stravování a pohostinství"
2018,18270.2500,Kč,"Ubytování, stravování a pohostinství"
2019,19805.0000,Kč,"Ubytování, stravování a pohostinství"
2020,18443.7500,Kč,"Ubytování, stravování a pohostinství"
2000,21591.7500,Kč,Informační a komunikační činnosti
2001,24882.2500,Kč,Informační a komunikační činnosti
2002,26725.5000,Kč,Informační a komunikační činnosti
2003,28793.0000,Kč,Informační a komunikační činnosti
2004,30605.7500,Kč,Informační a komunikační činnosti
2005,32679.5000,Kč,Informační a komunikační činnosti
2006,34942.0000,Kč,Informační a komunikační činnosti
2007,37204.0000,Kč,Informační a komunikační činnosti
2008,40861.5000,Kč,Informační a komunikační činnosti
2009,42237.7500,Kč,Informační a komunikační činnosti
2010,42807.2500,Kč,Informační a komunikační činnosti
2011,44265.2500,Kč,Informační a komunikační činnosti
2012,45689.5000,Kč,Informační a komunikační činnosti
2013,45240.0000,Kč,Informační a komunikační činnosti
2014,46875.0000,Kč,Informační a komunikační činnosti
2015,47833.0000,Kč,Informační a komunikační činnosti
2016,49160.7500,Kč,Informační a komunikační činnosti
2017,51640.7500,Kč,Informační a komunikační činnosti
2018,55474.7500,Kč,Informační a komunikační činnosti
2019,57779.7500,Kč,Informační a komunikační činnosti
2020,60131.5000,Kč,Informační a komunikační činnosti
2000,24927.0000,Kč,Peněžnictví a pojišťovnictví
2001,28361.5000,Kč,Peněžnictví a pojišťovnictví
2002,30869.0000,Kč,Peněžnictví a pojišťovnictví
2003,32467.2500,Kč,Peněžnictví a pojišťovnictví
2004,34732.7500,Kč,Peněžnictví a pojišťovnictví
2005,36713.0000,Kč,Peněžnictví a pojišťovnictví
2006,39353.2500,Kč,Peněžnictví a pojišťovnictví
2007,40725.2500,Kč,Peněžnictví a pojišťovnictví
2008,43974.7500,Kč,Peněžnictví a pojišťovnictví
2009,44708.5000,Kč,Peněžnictví a pojišťovnictví
2010,45339.5000,Kč,Peněžnictví a pojišťovnictví
2011,46568.5000,Kč,Peněžnictví a pojišťovnictví
2012,49706.5000,Kč,Peněžnictví a pojišťovnictví
2013,45233.5000,Kč,Peněžnictví a pojišťovnictví
2014,46999.5000,Kč,Peněžnictví a pojišťovnictví
2015,47077.2500,Kč,Peněžnictví a pojišťovnictví
2016,48683.0000,Kč,Peněžnictví a pojišťovnictví
2017,50524.2500,Kč,Peněžnictví a pojišťovnictví
2018,53339.5000,Kč,Peněžnictví a pojišťovnictví
2019,57456.0000,Kč,Peněžnictví a pojišťovnictví
2020,57570.7500,Kč,Peněžnictví a pojišťovnictví
2000,11496.2500,Kč,Činnosti v oblasti nemovitostí
2001,12464.0000,Kč,Činnosti v oblasti nemovitostí
2002,14128.7500,Kč,Činnosti v oblasti nemovitostí
2003,14933.0000,Kč,Činnosti v oblasti nemovitostí
2004,15856.2500,Kč,Činnosti v oblasti nemovitostí
2005,16365.0000,Kč,Činnosti v oblasti nemovitostí
2006,17550.7500,Kč,Činnosti v oblasti nemovitostí
2007,18994.5000,Kč,Činnosti v oblasti nemovitostí
2008,19656.2500,Kč,Činnosti v oblasti nemovitostí
2009,19919.2500,Kč,Činnosti v oblasti nemovitostí
2010,20264.7500,Kč,Činnosti v oblasti nemovitostí
2011,21083.5000,Kč,Činnosti v oblasti nemovitostí
2012,21438.5000,Kč,Činnosti v oblasti nemovitostí
2013,21094.0000,Kč,Činnosti v oblasti nemovitostí
2014,21811.7500,Kč,Činnosti v oblasti nemovitostí
2015,22569.0000,Kč,Činnosti v oblasti nemovitostí
2016,23635.5000,Kč,Činnosti v oblasti nemovitostí
2017,25194.7500,Kč,Činnosti v oblasti nemovitostí
2018,27059.5000,Kč,Činnosti v oblasti nemovitostí
2019,29743.0000,Kč,Činnosti v oblasti nemovitostí
2020,27611.7500,Kč,Činnosti v oblasti nemovitostí
2000,15337.0000,Kč,"Profesní, vědecké a technické činnosti"
2001,16565.5000,Kč,"Profesní, vědecké a technické činnosti"
2002,18257.0000,Kč,"Profesní, vědecké a technické činnosti"
2003,19476.5000,Kč,"Profesní, vědecké a technické činnosti"
2004,20346.5000,Kč,"Profesní, vědecké a technické činnosti"
2005,22005.5000,Kč,"Profesní, vědecké a technické činnosti"
2006,23105.7500,Kč,"Profesní, vědecké a technické činnosti"
2007,25317.0000,Kč,"Profesní, vědecké a technické činnosti"
2008,28658.5000,Kč,"Profesní, vědecké a technické činnosti"
2009,30284.0000,Kč,"Profesní, vědecké a technické činnosti"
2010,30094.7500,Kč,"Profesní, vědecké a technické činnosti"
2011,30475.5000,Kč,"Profesní, vědecké a technické činnosti"
2012,31141.2500,Kč,"Profesní, vědecké a technické činnosti"
2013,30274.2500,Kč,"Profesní, vědecké a technické činnosti"
2014,31093.7500,Kč,"Profesní, vědecké a technické činnosti"
2015,32029.0000,Kč,"Profesní, vědecké a technické činnosti"
2016,33141.7500,Kč,"Profesní, vědecké a technické činnosti"
2017,35010.7500,Kč,"Profesní, vědecké a technické činnosti"
2018,37162.7500,Kč,"Profesní, vědecké a technické činnosti"
2019,39518.2500,Kč,"Profesní, vědecké a technické činnosti"
2020,39640.0000,Kč,"Profesní, vědecké a technické činnosti"
2000,9747.2500,Kč,Administrativní a podpůrné činnosti
2001,10382.7500,Kč,Administrativní a podpůrné činnosti
2002,11051.0000,Kč,Administrativní a podpůrné činnosti
2003,11203.0000,Kč,Administrativní a podpůrné činnosti
2004,11977.0000,Kč,Administrativní a podpůrné činnosti
2005,12391.2500,Kč,Administrativní a podpůrné činnosti
2006,13414.0000,Kč,Administrativní a podpůrné činnosti
2007,14117.0000,Kč,Administrativní a podpůrné činnosti
2008,14451.2500,Kč,Administrativní a podpůrné činnosti
2009,15041.0000,Kč,Administrativní a podpůrné činnosti
2010,15222.0000,Kč,Administrativní a podpůrné činnosti
2011,15509.2500,Kč,Administrativní a podpůrné činnosti
2012,15935.0000,Kč,Administrativní a podpůrné činnosti
2013,16026.0000,Kč,Administrativní a podpůrné činnosti
2014,16191.0000,Kč,Administrativní a podpůrné činnosti
2015,16559.5000,Kč,Administrativní a podpůrné činnosti
2016,17537.0000,Kč,Administrativní a podpůrné činnosti
2017,18861.0000,Kč,Administrativní a podpůrné činnosti
2018,20165.5000,Kč,Administrativní a podpůrné činnosti
2019,21841.7500,Kč,Administrativní a podpůrné činnosti
2020,22649.2500,Kč,Administrativní a podpůrné činnosti
2000,15078.5000,Kč,Veřejná správa a obrana; povinné sociální zabezpečení
2001,16460.0000,Kč,Veřejná správa a obrana; povinné sociální zabezpečení
2002,18045.2500,Kč,Veřejná správa a obrana; povinné sociální zabezpečení
2003,19452.0000,Kč,Veřejná správa a obrana; povinné sociální zabezpečení
2004,20460.2500,Kč,Veřejná správa a obrana; povinné sociální zabezpečení
2005,21828.5000,Kč,Veřejná správa a obrana; povinné sociální zabezpečení
2006,22852.7500,Kč,Veřejná správa a obrana; povinné sociální zabezpečení
2007,24590.2500,Kč,Veřejná správa a obrana; povinné sociální zabezpečení
2008,25759.0000,Kč,Veřejná správa a obrana; povinné sociální zabezpečení
2009,26555.2500,Kč,Veřejná správa a obrana; povinné sociální zabezpečení
2010,26470.5000,Kč,Veřejná správa a obrana; povinné sociální zabezpečení
2011,25887.2500,Kč,Veřejná správa a obrana; povinné sociální zabezpečení
2012,26285.2500,Kč,Veřejná správa a obrana; povinné sociální zabezpečení
2013,26293.5000,Kč,Veřejná správa a obrana; povinné sociální zabezpečení
2014,27104.7500,Kč,Veřejná správa a obrana; povinné sociální zabezpečení
2015,28409.2500,Kč,Veřejná správa a obrana; povinné sociální zabezpečení
2016,30007.5000,Kč,Veřejná správa a obrana; povinné sociální zabezpečení
2017,32442.2500,Kč,Veřejná správa a obrana; povinné sociální zabezpečení
2018,35714.5000,Kč,Veřejná správa a obrana; povinné sociální zabezpečení
2019,38048.2500,Kč,Veřejná správa a obrana; povinné sociální zabezpečení
2020,39928.5000,Kč,Veřejná správa a obrana; povinné sociální zabezpečení
2000,11242.7500,Kč,Vzdělávání
2001,12392.2500,Kč,Vzdělávání
2002,13585.5000,Kč,Vzdělávání
2003,15241.0000,Kč,Vzdělávání
2004,16342.5000,Kč,Vzdělávání
2005,17082.0000,Kč,Vzdělávání
2006,18197.2500,Kč,Vzdělávání
2007,19321.0000,Kč,Vzdělávání
2008,20097.5000,Kč,Vzdělávání
2009,21360.7500,Kč,Vzdělávání
2010,20928.0000,Kč,Vzdělávání
2011,21502.2500,Kč,Vzdělávání
2012,21912.5000,Kč,Vzdělávání
2013,22279.7500,Kč,Vzdělávání
2014,22692.5000,Kč,Vzdělávání
2015,23102.7500,Kč,Vzdělávání
2016,23938.5000,Kč,Vzdělávání
2017,25358.5000,Kč,Vzdělávání
2018,28047.5000,Kč,Vzdělávání
2019,31388.0000,Kč,Vzdělávání
2020,33655.7500,Kč,Vzdělávání
2000,11297.0000,Kč,Zdravotní a sociální péče
2001,12724.2500,Kč,Zdravotní a sociální péče
2002,14392.0000,Kč,Zdravotní a sociální péče
2003,15476.0000,Kč,Zdravotní a sociální péče
2004,16013.0000,Kč,Zdravotní a sociální péče
2005,16650.2500,Kč,Zdravotní a sociální péče
2006,17973.5000,Kč,Zdravotní a sociální péče
2007,19053.5000,Kč,Zdravotní a sociální péče
2008,20036.7500,Kč,Zdravotní a sociální péče
2009,21627.0000,Kč,Zdravotní a sociální péče
2010,22286.2500,Kč,Zdravotní a sociální péče
2011,23176.2500,Kč,Zdravotní a sociální péče
2012,23621.5000,Kč,Zdravotní a sociální péče
2013,23652.0000,Kč,Zdravotní a sociální péče
2014,24255.7500,Kč,Zdravotní a sociální péče
2015,25352.0000,Kč,Zdravotní a sociální péče
2016,26577.5000,Kč,Zdravotní a sociální péče
2017,28920.0000,Kč,Zdravotní a sociální péče
2018,31629.5000,Kč,Zdravotní a sociální péče
2019,34250.0000,Kč,Zdravotní a sociální péče
2020,38049.0000,Kč,Zdravotní a sociální péče
2000,10282.0000,Kč,"Kulturní, zábavní a rekreační činnosti"
2001,11651.2500,Kč,"Kulturní, zábavní a rekreační činnosti"
2002,12008.5000,Kč,"Kulturní, zábavní a rekreační činnosti"
2003,12887.0000,Kč,"Kulturní, zábavní a rekreační činnosti"
2004,13790.5000,Kč,"Kulturní, zábavní a rekreační činnosti"
2005,14684.5000,Kč,"Kulturní, zábavní a rekreační činnosti"
2006,15477.5000,Kč,"Kulturní, zábavní a rekreační činnosti"
2007,16473.0000,Kč,"Kulturní, zábavní a rekreační činnosti"
2008,17384.2500,Kč,"Kulturní, zábavní a rekreační činnosti"
2009,18325.5000,Kč,"Kulturní, zábavní a rekreační činnosti"
2010,18610.5000,Kč,"Kulturní, zábavní a rekreační činnosti"
2011,18562.0000,Kč,"Kulturní, zábavní a rekreační činnosti"
2012,19550.5000,Kč,"Kulturní, zábavní a rekreační činnosti"
2013,19293.0000,Kč,"Kulturní, zábavní a rekreační činnosti"
2014,20118.7500,Kč,"Kulturní, zábavní a rekreační činnosti"
2015,20850.5000,Kč,"Kulturní, zábavní a rekreační činnosti"
2016,22202.0000,Kč,"Kulturní, zábavní a rekreační činnosti"
2017,24199.2500,Kč,"Kulturní, zábavní a rekreační činnosti"
2018,26761.7500,Kč,"Kulturní, zábavní a rekreační činnosti"
2019,29346.2500,Kč,"Kulturní, zábavní a rekreační činnosti"
2020,29484.7500,Kč,"Kulturní, zábavní a rekreační činnosti"
2000,9974.2500,Kč,Ostatní činnosti
2001,10912.5000,Kč,Ostatní činnosti
2002,11959.2500,Kč,Ostatní činnosti
2003,12942.2500,Kč,Ostatní činnosti
2004,13495.2500,Kč,Ostatní činnosti
2005,14072.2500,Kč,Ostatní činnosti
2006,14955.0000,Kč,Ostatní činnosti
2007,15929.2500,Kč,Ostatní činnosti
2008,16491.2500,Kč,Ostatní činnosti
2009,16781.7500,Kč,Ostatní činnosti
2010,16803.7500,Kč,Ostatní činnosti
2011,17610.7500,Kč,Ostatní činnosti
2012,17853.0000,Kč,Ostatní činnosti
2013,17901.5000,Kč,Ostatní činnosti
2014,18036.5000,Kč,Ostatní činnosti
2015,18601.0000,Kč,Ostatní činnosti
2016,19149.7500,Kč,Ostatní činnosti
2017,20017.5000,Kč,Ostatní činnosti
2018,21249.5000,Kč,Ostatní činnosti
2019,22556.0000,Kč,Ostatní činnosti
2020,22765.0000,Kč,Ostatní činnosti
